temperature,pressure,speed,vibration,quality
73.69,4.34,1104.36,1.96,Poor
82.63,3.95,1419.54,0.58,Good
64.66,4.78,1404.84,0.14,Poor
92.75,2.76,958.04,1.87,Poor
83.54,3.7,812.57,1.05,Good
69.22,4.36,1344.68,1.06,Poor
99.59,2.5,1269.09,0.55,Poor
67.27,3.51,1221.89,1.92,Poor
84.16,4.98,1169.13,0.71,Poor
83.89,3.76,1052.71,1.04,Good
96.72,3.73,1335.39,0.46,Poor
71.68,4.28,1344.18,0.73,Poor
64.85,3.11,1128.97,0.44,Good
60.33,4.1,1278.88,1.0,Poor
73.58,4.76,917.28,1.58,Poor
71.15,2.38,1384.59,1.55,Poor
70.58,4.03,1468.27,1.03,Poor
77.67,3.61,883.89,1.67,Poor
87.45,3.02,1280.36,1.2,Poor
61.71,4.02,955.0,1.86,Poor
71.83,2.19,1313.33,1.75,Poor
96.74,2.25,1140.77,0.54,Poor
64.48,2.29,985.66,1.19,Good
90.56,3.35,888.88,0.87,Poor
89.63,2.18,965.58,1.42,Poor
64.85,2.91,1223.8,1.27,Poor
98.51,2.45,1370.07,1.79,Poor
67.33,2.67,1445.53,1.83,Poor
92.42,2.29,1261.88,0.68,Poor
84.87,2.63,1161.82,0.68,Good
75.0,3.04,1498.76,0.83,Good
90.88,4.96,1216.81,0.87,Poor
81.04,3.14,1048.67,1.08,Good
91.57,2.49,1222.02,1.05,Poor
79.29,3.07,1034.89,0.13,Good
65.72,4.39,1358.25,0.39,Poor
92.3,3.61,1405.47,0.13,Poor
72.51,2.54,1475.09,1.68,Poor
73.44,2.37,1267.02,1.99,Poor
83.84,2.81,808.19,1.8,Poor
83.14,4.02,1220.77,0.77,Poor
86.86,4.41,824.27,1.71,Poor
89.29,3.72,1350.91,1.51,Poor
78.72,2.93,977.87,0.53,Good
98.15,2.39,1089.98,0.34,Poor
88.98,4.31,834.2,0.63,Poor
60.41,2.19,1445.5,1.07,Good
97.79,4.91,1274.81,1.38,Poor
65.53,3.41,1146.05,0.63,Good
87.58,3.69,899.85,1.25,Poor
90.68,2.12,1486.87,0.73,Poor
89.92,3.3,838.44,1.86,Poor
69.25,2.69,1160.45,0.55,Good
83.96,2.95,1161.47,0.32,Good
80.12,2.61,1051.81,0.22,Good
79.07,2.27,1382.86,1.49,Poor
72.87,4.22,1093.2,1.58,Poor
98.66,2.35,980.19,0.49,Poor
80.61,4.38,1302.94,0.19,Poor
72.65,3.18,1132.95,0.39,Good
88.37,4.8,1347.43,1.98,Poor
99.03,2.77,1316.33,1.02,Poor
90.35,4.78,1353.66,0.82,Poor
86.47,2.42,1382.13,1.62,Poor
97.58,3.83,1241.48,1.96,Poor
83.01,2.97,1300.41,0.69,Good
60.83,4.39,1227.6,1.45,Poor
86.95,4.03,1144.53,0.49,Poor
77.49,3.79,1346.14,1.08,Good
82.32,4.65,1033.54,1.93,Poor
73.75,2.4,1101.68,0.33,Good
77.7,3.07,1360.6,1.41,Poor
63.63,4.87,931.31,0.48,Poor
64.11,3.54,1486.21,0.21,Good
71.04,2.63,1425.51,1.76,Poor
75.08,4.35,923.21,0.84,Poor
60.2,2.82,1440.58,0.89,Good
72.6,2.0,1091.83,1.2,Poor
79.42,4.27,1207.61,0.9,Poor
84.19,3.7,1427.78,1.66,Poor
88.96,2.74,1405.96,1.16,Poor
95.74,3.52,1464.07,1.06,Poor
76.33,2.95,921.56,1.78,Poor
77.26,3.22,860.26,0.46,Good
97.28,2.63,801.36,1.54,Poor
90.67,2.66,1489.8,1.93,Poor
71.88,3.39,1047.8,1.86,Poor
86.72,3.35,805.47,0.85,Poor
92.13,4.84,1186.56,1.22,Poor
96.56,2.28,865.87,1.85,Poor
65.68,3.34,1209.58,1.38,Poor
80.3,2.42,908.27,1.01,Good
80.68,3.73,1058.8,0.46,Good
74.51,4.07,1338.68,1.15,Poor
98.45,4.6,874.96,1.26,Poor
81.35,2.23,1136.17,0.1,Good
70.93,4.17,1030.62,1.8,Poor
68.31,2.75,1124.58,1.56,Poor
87.0,4.21,1090.65,1.66,Poor
93.77,4.97,1185.54,1.31,Poor
